"dbSNP.ID","allele","count"
"rs10031144","R",112
"rs10031144","A",99
"rs10044327","A",320
"rs10044327","R",291
"rs10829589","A",93
"rs10829589","R",714
"rs10889119","R",43
"rs10889119","A",1300
"rs11118858","A",91
"rs11118858","R",156
"rs11258412","A",571
"rs11258412","R",85
"rs11683450","R",291
"rs11683450","A",321
"rs11715522","A",49
"rs11715522","R",321
"rs11725087","A",16
"rs11725087","R",541
"rs11919274","A",122
"rs11919274","R",154
"rs12140319","R",68
"rs12140319","A",465
"rs12492157","R",230
"rs12492157","A",725
"rs12614754","R",456
"rs12614754","A",53
"rs12631577","A",282
"rs12631577","R",61
"rs1295111","R",674
"rs1295111","A",894
"rs13011835","R",274
"rs13011835","A",6
"rs13105200","A",150
"rs13105200","R",2
"rs13144747","A",22
"rs13144747","R",681
"rs13385577","A",851
"rs13385577","R",57
"rs1360913","R",191
"rs1360913","A",330
"rs1362840","R",366
"rs1362840","A",64
"rs1415960","A",746
"rs1415960","R",940
"rs1656376","R",329
"rs1656376","A",282
"rs16902776","A",18
"rs16902776","R",601
"rs17029053","R",215
"rs17029053","A",162
"rs1703285","R",138
"rs1703285","A",123
"rs1768809","A",391
"rs1768809","R",65
"rs1796879","A",350
"rs1796879","R",43
"rs1799398","A",184
"rs1799398","R",135
"rs1890846","R",660
"rs1890846","A",537
"rs2073400","R",616
"rs2073400","A",2
"rs2235547","A",20
"rs2235547","R",477
"rs2360833","A",568
"rs2360833","R",10
"rs250348","R",209
"rs250348","A",195
"rs2582353","R",303
"rs2582353","A",528
"rs34102579","A",10
"rs34102579","R",1579
"rs347150","R",379
"rs347150","A",388
"rs4667886","A",488
"rs4667886","R",554
"rs4672359","R",276
"rs4672359","A",369
"rs4752189","A",845
"rs4752189","R",116
"rs4855031","R",144
"rs4855031","A",366
"rs4953297","A",2
"rs4953297","R",524
"rs579511","A",513
"rs579511","R",248
"rs624455","A",297
"rs624455","R",242
"rs6436409","R",324
"rs6436409","A",308
"rs6661116","R",346
"rs6661116","A",55
"rs6677868","R",450
"rs6677868","A",661
"rs6725201","R",424
"rs6725201","A",1
"rs6736082","A",1459
"rs6736082","R",38
"rs6769809","R",191
"rs6769809","A",169
"rs6806386","R",480
"rs6806386","A",54
"rs698666","A",267
"rs698666","R",384
"rs7092383","R",786
"rs7092383","A",26
"rs7426662","A",84
"rs7426662","R",727
"rs7591097","A",2
"rs7591097","R",327
"rs7913502","A",193
"rs7913502","R",290
"rs7914545","R",107
"rs7914545","A",72
"rs7915483","A",2
"rs7915483","R",501
"rs7919129","R",387
"rs7919129","A",61
"rs7922050","A",292
"rs7922050","R",255
"rs815421","R",172
"rs815421","A",40
"rs912811","R",17
"rs912811","A",561
"rs9309715","R",1268
"rs9309715","A",1
"rs965308","A",331
"rs965308","R",122
"rs9997661","A",120
"rs9997661","R",112
